Symbol,PriceUSD,VolumeUSD,ChangePct,SnapshotUTC
BTC,106464.15895887381,75390977606,-2.3,2025-11-04T03:05:12+00:00
ETH,3631.985800702526,46355620817,-4.4,2025-11-04T03:05:12+00:00
USDT,0.9999777328798886,140955323487,-0.0,2025-11-04T03:05:12+00:00
XRP,2.340000517855476,6100524732,-5.0,2025-11-04T03:05:12+00:00
BNB,993.0030894701596,3876095923,-6.4,2025-11-04T03:05:12+00:00
SOL,166.7163723019432,9682126844,-9.1,2025-11-04T03:05:12+00:00
USDC,0.9999844530559207,20894546970,0.0,2025-11-04T03:05:12+00:00
TRX,0.2837280098853338,1549832623,-4.2,2025-11-04T03:05:12+00:00
DOGE,0.16892111169512514,3450053952,-6.6,2025-11-04T03:05:12+00:00
ADA,0.5571539379628666,1761603462,-5.8,2025-11-04T03:05:12+00:00
HYPE,39.93798304362857,783629406,-3.9,2025-11-04T03:05:12+00:00
LINK,15.319739844843278,1335236314,-9.1,2025-11-04T03:05:12+00:00
BCH,508.7195313516956,360338228,-4.5,2025-11-04T03:05:12+00:00
USDE,0.9992441129038843,293375419,0.0,2025-11-04T03:05:12+00:00
XLM,0.28173398864380533,323995181,-5.2,2025-11-04T03:05:12+00:00
LEO,9.526600000115785,921912,-0.7,2025-11-04T03:05:12+00:00
SUI,2.0758616003083072,1445177409,-8.7,2025-11-04T03:05:12+00:00
HBAR,0.17667472193468972,399806380,-6.1,2025-11-04T03:05:12+00:00
AVAX,16.839857084079632,801068399,-7.2,2025-11-04T03:05:12+00:00
ZEC,435.4627464417577,1245909226,7.4,2025-11-04T03:05:12+00:00
LTC,89.00816260237224,1001747993,-8.4,2025-11-04T03:05:12+00:00
XMR,339.4555684862327,221537009,-0.5,2025-11-04T03:05:12+00:00
SHIB,9.230063823993658e-06,226574676,-7.0,2025-11-04T03:05:12+00:00
TON,2.004497006647956,250409504,-11.0,2025-11-04T03:05:12+00:00
CRO,0.13151475867275303,35569686,-7.6,2025-11-04T03:05:12+00:00
DAI,0.9996760322347723,166693104,-0.0,2025-11-04T03:05:12+00:00
TAO,447.3745438001386,584027384,-6.2,2025-11-04T03:05:12+00:00
DOT,2.6212538253400206,370972448,-9.0,2025-11-04T03:05:12+00:00
MNT,1.2440956394482514,208401628,-7.2,2025-11-04T03:05:12+00:00
M,2.329903901816997,13587563,-0.7,2025-11-04T03:05:12+00:00
UNI,5.233142499289021,376560458,-8.1,2025-11-04T03:05:12+00:00
WLFI,0.11519474655554489,213838483,-12.2,2025-11-04T03:05:12+00:00
AAVE,203.54970568753166,393610745,-9.1,2025-11-04T03:05:12+00:00
USD1,0.9992049574429184,441600454,-0.0,2025-11-04T03:05:12+00:00
PYUSD,0.9986171347297701,166027689,-0.0,2025-11-04T03:05:12+00:00
OKB,132.1375332320447,95254601,-4.8,2025-11-04T03:05:12+00:00
BGB,3.7176904870429333,125990358,-15.6,2025-11-04T03:05:12+00:00
NEAR,1.9192081541665413,307828677,-9.3,2025-11-04T03:05:12+00:00
ICP,4.520320652236238,427201025,10.5,2025-11-04T03:05:12+00:00
PEPE,5.775647633831511e-06,685699782,-10.1,2025-11-04T03:05:12+00:00
ENA,0.3358030258347694,309394793,-7.2,2025-11-04T03:05:12+00:00
ETC,14.994027977329775,113530927,-5.8,2025-11-04T03:05:12+00:00
XAUT,3977.3654981418345,291735195,-0.5,2025-11-04T03:05:12+00:00
APT,2.764544795054831,517670873,-15.1,2025-11-04T03:05:12+00:00
ONDO,0.621964004276067,177680184,-7.6,2025-11-04T03:05:12+00:00
PI,0.22989640342975973,50775166,-6.9,2025-11-04T03:05:12+00:00
ASTER,0.9158542541563052,1402452089,-18.2,2025-11-04T03:05:12+00:00
POL,0.17132477716856248,119132627,-7.9,2025-11-04T03:05:12+00:00
WLD,0.7296609979504649,239531404,-10.6,2025-11-04T03:05:12+00:00
HTX,1.7801569259535393e-06,21120098,-2.6,2025-11-04T03:05:12+00:00
KCS,12.504356695252968,10183764,-5.3,2025-11-04T03:05:12+00:00
ARB,0.2658139029405088,269004684,-10.2,2025-11-04T03:05:12+00:00
DASH,114.84083431247066,1277896043,29.8,2025-11-04T03:05:12+00:00
TRUMP,7.092621518451663,1344169687,-6.1,2025-11-04T03:05:12+00:00
ALGO,0.16098970386885178,130541961,-7.1,2025-11-04T03:05:12+00:00
GT,12.017104635660846,11295906,-7.2,2025-11-04T03:05:12+00:00
PUMP,0.0038945848307822485,351414882,-7.4,2025-11-04T03:05:12+00:00
PAXG,3979.5686004162703,187796902,-0.5,2025-11-04T03:05:12+00:00
IP,3.946254369718519,58856194,-3.9,2025-11-04T03:05:12+00:00
VET,0.014744614293358625,45073956,-6.5,2025-11-04T03:05:12+00:00
KAS,0.046695604049928445,60616177,-6.9,2025-11-04T03:05:12+00:00
SKY,0.054206660204187795,17730541,-2.0,2025-11-04T03:05:12+00:00
ATOM,2.5192439962507245,152039757,-14.2,2025-11-04T03:05:12+00:00
JUP,0.36409058946135914,52534557,-7.1,2025-11-04T03:05:12+00:00
FLR,0.013991377456172292,15222123,-9.4,2025-11-04T03:05:12+00:00
QNT,74.70991598780661,22129646,-4.9,2025-11-04T03:05:12+00:00
NEXO,1.0847708689116649,15095635,-2.1,2025-11-04T03:05:12+00:00
MKR,1277.4665663305796,1028974,-1.9,2025-11-04T03:05:12+00:00
SEI,0.16723671594544676,145790184,-10.8,2025-11-04T03:05:12+00:00
FIL,1.4771499571939073,207090709,-10.4,2025-11-04T03:05:12+00:00
RENDER,2.0138994301077853,85277199,-8.8,2025-11-04T03:05:12+00:00
RLUSD,0.9999128501975094,142482863,0.0,2025-11-04T03:05:12+00:00
FDUSD,0.9975374837561646,5407702210,-0.0,2025-11-04T03:05:12+00:00
MORPHO,1.8644882408412242,48015541,-7.6,2025-11-04T03:05:12+00:00
PENGU,0.015526376475292591,237445476,-8.8,2025-11-04T03:05:12+00:00
XDC,0.05426716447318611,45954920,-6.0,2025-11-04T03:05:12+00:00
BONK,1.221346224990761e-05,228395441,-10.7,2025-11-04T03:05:12+00:00
VIRTUAL,1.4130134445114138,563777154,-8.5,2025-11-04T03:05:12+00:00
IMX,0.4483012722507943,36886308,-8.8,2025-11-04T03:05:12+00:00
AERO,0.9048267219139963,78397394,-7.0,2025-11-04T03:05:12+00:00
FTN,1.7856929403118758,22242991,0.5,2025-11-04T03:05:12+00:00
CAKE,2.2444359246303964,148597388,-6.8,2025-11-04T03:05:12+00:00
SPX,0.7408169873740634,42120752,-8.8,2025-11-04T03:05:12+00:00
TIA,0.8191052885255237,100691434,-11.3,2025-11-04T03:05:12+00:00
STX,0.37565696634907847,27316850,-8.4,2025-11-04T03:05:12+00:00
OP,0.35812255552436933,205759641,-11.1,2025-11-04T03:05:12+00:00
LDO,0.7554484175125349,90218929,-11.3,2025-11-04T03:05:12+00:00
INJ,6.841135630196775,129328618,-9.3,2025-11-04T03:05:12+00:00
CRV,0.4300590645727045,148377362,-6.1,2025-11-04T03:05:12+00:00
BDX,0.0807081256071902,10307323,-0.4,2025-11-04T03:05:12+00:00
GRT,0.05695144907186803,37684514,-8.5,2025-11-04T03:05:12+00:00
FLOKI,6.0938732840269336e-05,96085365,-9.8,2025-11-04T03:05:12+00:00
HEX,0.006171570644160289,2407573,-8.6,2025-11-04T03:05:12+00:00
XTZ,0.534003304153029,23041000,-5.1,2025-11-04T03:05:12+00:00
KAIA,0.09424880908570542,34972764,-7.0,2025-11-04T03:05:12+00:00
2Z,0.15828316469970147,28079135,-4.4,2025-11-04T03:05:12+00:00
FET,0.21088671996921746,134068661,-11.2,2025-11-04T03:05:12+00:00
PYTH,0.09519023683806327,45495419,-9.1,2025-11-04T03:05:12+00:00
IOTA,0.12874691214234654,18637878,-5.8,2025-11-04T03:05:12+00:00
DCR,30.79550121062831,70708473,69.0,2025-11-04T03:05:12+00:00
XPL,0.2720508583479162,433450371,5.7,2025-11-04T03:05:12+00:00
ETHFI,0.8774924980704503,122920046,-8.5,2025-11-04T03:05:12+00:00
TUSD,0.9982141982235582,23133273,0.2,2025-11-04T03:05:12+00:00
TWT,1.1671525164132721,39462030,-5.4,2025-11-04T03:05:12+00:00
AB,0.005629335198198276,14190707,-4.5,2025-11-04T03:05:12+00:00
STRK,0.10426197825654218,136902850,-7.9,2025-11-04T03:05:12+00:00
CFX,0.09039697185820489,35365929,-8.3,2025-11-04T03:05:12+00:00
S,0.12278368567595936,108438217,-9.5,2025-11-04T03:05:12+00:00
PENDLE,2.726996888466497,54018234,-8.1,2025-11-04T03:05:12+00:00
SYRUP,0.4110309624562379,44273066,-4.0,2025-11-04T03:05:12+00:00
ENS,13.549317256345601,61867244,-8.4,2025-11-04T03:05:12+00:00
H,0.24622150452835653,41879366,-3.5,2025-11-04T03:05:12+00:00
PLS,2.8049216195688995e-05,14234722,-4.9,2025-11-04T03:05:12+00:00
SAND,0.1832378080753587,71118849,-8.7,2025-11-04T03:05:12+00:00
BTT,4.5389366781291246e-07,18181593,-4.4,2025-11-04T03:05:12+00:00
WIF,0.4435139144223162,213576153,-14.8,2025-11-04T03:05:12+00:00
JASMY,0.00906711468422776,47686177,-7.3,2025-11-04T03:05:12+00:00
THETA,0.4289183988676205,39286450,-10.5,2025-11-04T03:05:12+00:00
GHO,0.9993883749429743,14957148,-0.0,2025-11-04T03:05:12+00:00
BSV,21.26937301864739,13582708,-2.7,2025-11-04T03:05:12+00:00
USDD,0.9996505747409191,2933698,0.1,2025-11-04T03:05:12+00:00
GALA,0.008985166516163056,109337237,-11.0,2025-11-04T03:05:12+00:00
SUN,0.02160912410885496,33314691,-2.5,2025-11-04T03:05:12+00:00
HNT,2.185608242575881,10219058,-5.8,2025-11-04T03:05:12+00:00
USDB,0.9973146086425781,1262071,0.0,2025-11-04T03:05:12+00:00
MANA,0.21073440528404147,40952892,-6.5,2025-11-04T03:05:12+00:00
A,0.2498503941454078,52923784,-5.5,2025-11-04T03:05:12+00:00
NFT,4.012103782437129e-07,38266137,-0.4,2025-11-04T03:05:12+00:00
FLOW,0.24381742670769074,22814819,-5.7,2025-11-04T03:05:12+00:00
ZK,0.05382420462015539,319462696,-5.5,2025-11-04T03:05:12+00:00
RAY,1.4242107421567187,59799931,-10.8,2025-11-04T03:05:12+00:00
DEXE,6.5736022362361854,8207428,-5.9,2025-11-04T03:05:12+00:00
PLSX,1.8311626896901996e-05,1411287,-6.4,2025-11-04T03:05:12+00:00
MYX,1.862712253884369,32119356,-10.2,2025-11-04T03:05:12+00:00
JST,0.03550663381808344,54480795,1.0,2025-11-04T03:05:12+00:00
NEO,4.954687712863885,36111120,-2.8,2025-11-04T03:05:12+00:00
VSN,0.10307541453649209,2274575,-3.5,2025-11-04T03:05:12+00:00
ZEN,19.6294600203127,364668798,19.0,2025-11-04T03:05:12+00:00
BORG,0.35060630038452145,3131293,-12.9,2025-11-04T03:05:12+00:00
ATH,0.02399249356982582,40730585,-13.3,2025-11-04T03:05:12+00:00
APE,0.3690469904401498,38942052,-6.4,2025-11-04T03:05:12+00:00
EIGEN,0.7615336768666571,98024947,-9.7,2025-11-04T03:05:12+00:00
JTO,0.83242336821783,40503971,-9.6,2025-11-04T03:05:12+00:00
GNO,124.58395706868126,9601097,-5.0,2025-11-04T03:05:12+00:00
MERL,0.3096580498689826,48760397,0.7,2025-11-04T03:05:12+00:00
WAL,0.21124397183192345,31992600,-5.8,2025-11-04T03:05:12+00:00
COMP,32.685445205757304,36617759,-5.9,2025-11-04T03:05:12+00:00
SNX,0.902664160106192,63003235,-9.0,2025-11-04T03:05:12+00:00
BAT,0.2038618436948361,107768224,4.8,2025-11-04T03:05:12+00:00
0G,1.4241964123917987,443604517,32.1,2025-11-04T03:05:12+00:00
ZBCN,0.003161049505750977,23616754,-9.1,2025-11-04T03:05:12+00:00
CCD,0.025477040538865372,905290,-9.9,2025-11-04T03:05:12+00:00
FLUID,3.7793046040664535,8655879,-7.3,2025-11-04T03:05:12+00:00
CHZ,0.0290868413727868,31741506,-6.2,2025-11-04T03:05:12+00:00
RSR,0.004781108554081501,32352754,-7.8,2025-11-04T03:05:12+00:00
LION,0.009408259314100963,1060867,-8.5,2025-11-04T03:05:12+00:00
APEPE,1.3666231924068535e-06,16363990,-3.6,2025-11-04T03:05:12+00:00
KULA,0.4311826877216962,320632,2.1,2025-11-04T03:05:12+00:00
W,0.057520212821802454,46946731,-9.2,2025-11-04T03:05:12+00:00
TEL,0.0029395838371910205,3377128,-4.4,2025-11-04T03:05:12+00:00
TRAC,0.5548410482355205,6992461,-2.2,2025-11-04T03:05:12+00:00
RUNE,0.7870322179703588,68114731,-6.5,2025-11-04T03:05:12+00:00
CRVUSD,0.99460864436936,35058937,-0.0,2025-11-04T03:05:12+00:00
ZORA,0.060913423382364135,63805413,-4.9,2025-11-04T03:05:12+00:00
EURC,1.1499278933508967,45769066,-0.1,2025-11-04T03:05:12+00:00
FF,0.11509100319717439,61907459,0.6,2025-11-04T03:05:12+00:00
XEC,1.3502083372011203e-05,7214440,-6.5,2025-11-04T03:05:12+00:00
CHEEMS,1.3081695052684252e-06,1950351,-3.0,2025-11-04T03:05:12+00:00
WEMIX,0.581896770433291,3924859,-1.5,2025-11-04T03:05:12+00:00
FTT,0.7989716902118791,10493955,-6.6,2025-11-04T03:05:12+00:00
FARTCOIN,0.2608963844447961,119682341,-18.3,2025-11-04T03:05:12+00:00
UDS,2.5236914759011326,1328777,1.4,2025-11-04T03:05:12+00:00
XCN,0.007084592542569468,27525049,-7.8,2025-11-04T03:05:12+00:00
AR,3.881706524170728,63646843,-4.2,2025-11-04T03:05:12+00:00
TOSHI,0.0005946100987138791,42245912,-8.1,2025-11-04T03:05:12+00:00
EGLD,8.61960038095639,20285466,-8.7,2025-11-04T03:05:12+00:00
BRETT,0.023272838793594104,34454409,-11.0,2025-11-04T03:05:12+00:00
LPT,4.977816693223444,49720307,-4.8,2025-11-04T03:05:12+00:00
BEAM,0.0043731143741912335,22914239,-8.1,2025-11-04T03:05:12+00:00
KAITO,0.910218048678742,21610683,-5.2,2025-11-04T03:05:12+00:00
DYDX,0.2721348083860431,19251722,-11.3,2025-11-04T03:05:12+00:00
RON,0.2987939077008122,5809976,-8.5,2025-11-04T03:05:12+00:00
1INCH,0.15379689048989617,23046928,-8.2,2025-11-04T03:05:12+00:00
LUNC,3.911771016888242e-05,16022027,-6.6,2025-11-04T03:05:12+00:00
BERA,1.645358907738293,52088751,-7.5,2025-11-04T03:05:12+00:00
MOCA,0.0541064722324965,35154879,-12.1,2025-11-04T03:05:12+00:00
CTC,0.43038094982038777,17998689,-7.7,2025-11-04T03:05:12+00:00
AXS,1.26888694938973,39665487,-9.8,2025-11-04T03:05:12+00:00
CORE,0.20767348538829355,17164226,-8.2,2025-11-04T03:05:12+00:00
REAL,0.0705089086973297,22685664,-2.6,2025-11-04T03:05:12+00:00
SUPER,0.32220636963622995,13881833,-10.0,2025-11-04T03:05:12+00:00
COAI,1.0377958292874505,185588430,-9.7,2025-11-04T03:05:12+00:00
SOSO,0.7302579790317084,12317416,-6.8,2025-11-04T03:05:12+00:00
AMP,0.0023542731677261798,6447556,-3.6,2025-11-04T03:05:12+00:00
PROM,10.786543096401033,4091151,-0.7,2025-11-04T03:05:12+00:00
LGCT,1.8290650176636303,4910938,0.0,2025-11-04T03:05:12+00:00
REKT,4.6071876187566093e-07,1939515,-9.1,2025-11-04T03:05:12+00:00
SOON,0.6880704534198542,48756724,-0.8,2025-11-04T03:05:12+00:00
SVL,0.03868713952410487,981910,-3.1,2025-11-04T03:05:12+00:00
MX,2.0422144578545547,41736860,-3.7,2025-11-04T03:05:12+00:00
LINEA,0.01186695271024772,108010436,-16.3,2025-11-04T03:05:12+00:00
USELESS,0.1861924904215044,46628831,-13.5,2025-11-04T03:05:12+00:00
KMNO,0.05839065433753052,32532264,0.8,2025-11-04T03:05:12+00:00
B,0.18433289909083683,12792980,2.7,2025-11-04T03:05:12+00:00
AIOZ,0.1522824500007131,12893312,-12.0,2025-11-04T03:05:12+00:00
QTUM,1.7311040070632844,20684015,-6.8,2025-11-04T03:05:12+00:00
VENOM,0.08620041188356457,408897,-1.7,2025-11-04T03:05:12+00:00
JELLYJELLY,0.18210673053837614,234892006,184.5,2025-11-04T03:05:12+00:00
AIC,0.1805665637758992,5696394,-13.7,2025-11-04T03:05:12+00:00
GLM,0.1754028687017301,9890432,-2.1,2025-11-04T03:05:12+00:00
PLUME,0.05504596935663486,24324403,-12.2,2025-11-04T03:05:12+00:00
SAHARA,0.07242266954404034,22066614,-1.7,2025-11-04T03:05:12+00:00
ZANO,11.450598505760729,1990259,-2.4,2025-11-04T03:05:12+00:00
AKT,0.6105782752818247,11248977,-8.8,2025-11-04T03:05:12+00:00
AXL,0.15971668151853288,14052748,-7.2,2025-11-04T03:05:12+00:00
BMX,0.4998885322862024,6246928,-1.1,2025-11-04T03:05:12+00:00
SFP,0.33228349686843067,4003524,-3.1,2025-11-04T03:05:12+00:00
KSM,9.585449183762067,20414603,-8.7,2025-11-04T03:05:12+00:00
FORM,0.4335284736639235,31262330,-13.0,2025-11-04T03:05:12+00:00
CVX,1.9776955068406785,13153613,-7.0,2025-11-04T03:05:12+00:00
EOS,0.25002200333750496,336546,-5.4,2025-11-04T03:05:12+00:00
DEEP,0.06387272894315724,32982025,-5.2,2025-11-04T03:05:12+00:00
ZRO,1.4288689190355568,78566792,-14.2,2025-11-04T03:05:12+00:00
GOMINING,0.3851277826647688,11436906,-2.8,2025-11-04T03:05:12+00:00
MOVE,0.05547915819753036,39884188,-15.7,2025-11-04T03:05:12+00:00
USDJ,1.20125,2558625,-0.7,2025-11-04T03:05:12+00:00
TFUEL,0.021751281876941177,1964051,-10.8,2025-11-04T03:05:12+00:00
KTA,0.35391676054636384,7641062,-11.3,2025-11-04T03:05:12+00:00
YFI,4555.177966218259,18473266,-1.5,2025-11-04T03:05:12+00:00
ZRX,0.18158747289198823,19482044,-5.0,2025-11-04T03:05:12+00:00
ARKM,0.2989990021847683,67166510,-13.1,2025-11-04T03:05:12+00:00
MOG,3.931277727216272e-07,18405984,-5.4,2025-11-04T03:05:12+00:00
UB,0.06128757764369458,28204328,-13.7,2025-11-04T03:05:12+00:00
RIVER,7.806445387185569,17356286,7.8,2025-11-04T03:05:12+00:00
EHEX,0.0016003750778198242,234263,-6.7,2025-11-04T03:05:12+00:00
RECALL,0.23183473658659023,22808564,-14.8,2025-11-04T03:05:12+00:00
ALEO,0.24111444322281095,8902938,-4.5,2025-11-04T03:05:12+00:00
GAS,2.30563841484032,7647745,-7.3,2025-11-04T03:05:12+00:00
SNEK,0.001983730559645117,5552723,-10.7,2025-11-04T03:05:12+00:00
BARD,0.6582814799118876,17404408,-1.7,2025-11-04T03:05:12+00:00
BABYDOGE,8.575173749644499e-10,11635977,-8.0,2025-11-04T03:05:12+00:00
SHFL,0.42573333282470704,988663,6.5,2025-11-04T03:05:12+00:00
DOG,0.0014504671126659584,10594764,-9.5,2025-11-04T03:05:12+00:00
UCN,1450.041579830132,3351032,0.1,2025-11-04T03:05:12+00:00
ULTIMA,3666.674384614408,9994732,-6.2,2025-11-04T03:05:12+00:00
CKB,0.003026644265058497,14072738,-7.4,2025-11-04T03:05:12+00:00
MAG7SSI,0.8521786326950712,2905130,-4.9,2025-11-04T03:05:12+00:00
EURS,1.15,757583,0.0,2025-11-04T03:05:12+00:00
SAROS,0.0541735814692615,6507842,-19.5,2025-11-04T03:05:12+00:00
MINA,0.11279731133693538,93218839,-15.6,2025-11-04T03:05:12+00:00
RVN,0.008970784731004947,14562414,-6.0,2025-11-04T03:05:12+00:00
AVNT,0.5395915063407765,65660428,-9.6,2025-11-04T03:05:12+00:00
EUL,7.417054577401013,14901217,-10.3,2025-11-04T03:05:12+00:00
MEW,0.0015472272657457383,30018613,-10.0,2025-11-04T03:05:12+00:00
BIO,0.07726096953051984,57528678,-8.0,2025-11-04T03:05:12+00:00
DGB,0.0076020743516528,36592252,-11.7,2025-11-04T03:05:12+00:00
QUBIC,1.0692609344992974e-06,5799895,-6.9,2025-11-04T03:05:12+00:00
ZIL,0.006877350672121036,14991363,-7.6,2025-11-04T03:05:12+00:00
DRIFT,0.3491466889651655,25360920,-10.0,2025-11-04T03:05:12+00:00
VELO,0.007603340425039656,22171599,-2.0,2025-11-04T03:05:12+00:00
SAFE,0.2011958399483368,9375373,-11.8,2025-11-04T03:05:12+00:00
GRASS,0.29705616703967813,31154395,-9.6,2025-11-04T03:05:12+00:00
CELO,0.2243869602818233,25905445,-11.5,2025-11-04T03:05:12+00:00
TURBO,0.0018844833000467376,29761024,-11.8,2025-11-04T03:05:12+00:00
CET,0.0500444853515625,191247,-5.2,2025-11-04T03:05:12+00:00
KITE,0.07161313946528183,459170612,-39.4,2025-11-04T03:05:12+00:00
T,0.011924926549690268,9550042,-9.5,2025-11-04T03:05:12+00:00
KAVA,0.11875883738275689,6150163,-10.5,2025-11-04T03:05:12+00:00
WFI,1.760278375110355,8477475,-4.1,2025-11-04T03:05:12+00:00
AWE,0.06480204513262494,8907422,-6.5,2025-11-04T03:05:12+00:00
VVS,2.67620125639104e-06,1017470,-7.7,2025-11-04T03:05:12+00:00
XVG,0.007583185781840791,46315850,9.5,2025-11-04T03:05:12+00:00
POPCAT,0.12585906082027887,40302980,-12.4,2025-11-04T03:05:12+00:00
ASTR,0.014992553624531151,11001225,-8.7,2025-11-04T03:05:12+00:00
XPR,0.004335485625870363,3963763,-5.5,2025-11-04T03:05:12+00:00
QRL,1.5488360007144488,108132,-9.4,2025-11-04T03:05:12+00:00
DBR,0.02948082066362802,10033407,-2.7,2025-11-04T03:05:12+00:00
STG,0.12413113359342497,10332970,-14.4,2025-11-04T03:05:12+00:00
RLB,0.06359476672363282,462096,-4.9,2025-11-04T03:05:12+00:00
KUB,1.3246455364833487,1015228,-6.5,2025-11-04T03:05:12+00:00
OZO,0.13130046350456434,225217,0.2,2025-11-04T03:05:12+00:00
ZETA,0.10493968448072587,14157133,-8.3,2025-11-04T03:05:12+00:00
METAL,0.23075914495594854,1384154,-10.4,2025-11-04T03:05:12+00:00
ROSE,0.015567527512283512,12391003,-8.6,2025-11-04T03:05:12+00:00
PROVE,0.5922782706331124,34260045,-9.1,2025-11-04T03:05:12+00:00
NPC,0.014343618687280558,9899309,-5.2,2025-11-04T03:05:12+00:00
VRSC,1.45,11655,-2.6,2025-11-04T03:05:12+00:00
AIA,1.1537904789655415,14003145,-6.3,2025-11-04T03:05:12+00:00
PNUT,0.11290084296865287,61779577,-8.5,2025-11-04T03:05:12+00:00
MPLX,0.19934569708508973,7410632,-8.1,2025-11-04T03:05:12+00:00
WHITE,0.00017074178166771696,204365,-15.3,2025-11-04T03:05:12+00:00
FRAX,1.2370229706412526,18539463,-7.1,2025-11-04T03:05:12+00:00
BLUR,0.04263196321563585,17953348,-9.6,2025-11-04T03:05:12+00:00
APEX,0.8320637340135707,14226905,-16.1,2025-11-04T03:05:12+00:00
ARRR,0.5464020498296468,659513,-2.4,2025-11-04T03:05:12+00:00
ZIG,0.07458098890904455,2327109,-7.3,2025-11-04T03:05:12+00:00
OM,0.09514538216592185,37391042,-5.3,2025-11-04T03:05:12+00:00
HSK,0.31176138566451084,2696615,-4.0,2025-11-04T03:05:12+00:00
GEMS,0.167638033682663,278914,-9.2,2025-11-04T03:05:12+00:00
COW,0.19685092974362473,11983006,-6.9,2025-11-04T03:05:12+00:00
HOT,0.0005759582604882268,7623498,-5.6,2025-11-04T03:05:12+00:00
SC,0.001792215632512829,6748904,-6.4,2025-11-04T03:05:12+00:00
MBG,0.7627591427128212,12982959,-8.5,2025-11-04T03:05:12+00:00
SKL,0.016248980388872663,11867893,-7.6,2025-11-04T03:05:12+00:00
EDU,0.16298792415687718,17721149,-3.4,2025-11-04T03:05:12+00:00
ELF,0.12099324999393779,1564500,-7.5,2025-11-04T03:05:12+00:00
NMR,12.119566038763649,52041196,-6.6,2025-11-04T03:05:12+00:00
SOLO,0.24175148079425698,4396257,-6.5,2025-11-04T03:05:12+00:00
IOTX,0.010219857729657306,13652545,-11.3,2025-11-04T03:05:12+00:00
VTHO,0.0010001657133779634,3405357,-5.7,2025-11-04T03:05:12+00:00
CSPR,0.00702686389906335,4088324,-7.6,2025-11-04T03:05:12+00:00
CFG,0.16709531212996148,6825741,-14.2,2025-11-04T03:05:12+00:00
PEAQ,0.06553569483295715,6791483,-13.2,2025-11-04T03:05:12+00:00
XCH,6.357383422191973,7151785,-4.2,2025-11-04T03:05:12+00:00
XPIN,0.006000566152035328,14177370,-0.2,2025-11-04T03:05:12+00:00
REQ,0.12390911475453585,5357032,2.2,2025-11-04T03:05:12+00:00
LCX,0.09799717972439831,1100610,-3.5,2025-11-04T03:05:12+00:00
GMX,8.905032844406646,14335052,-6.3,2025-11-04T03:05:12+00:00
ILV,9.55972894931236,10846215,-6.0,2025-11-04T03:05:12+00:00
APR,0.27664829172374905,9630473,-2.2,2025-11-04T03:05:12+00:00
ANKR,0.0089430975440356,8771630,-7.4,2025-11-04T03:05:12+00:00
MNEE,0.9989144135131836,99209,0.0,2025-11-04T03:05:12+00:00
UMA,0.9969369661347527,13472330,-6.7,2025-11-04T03:05:12+00:00
MOODENG,0.08862365964531983,32253682,-11.6,2025-11-04T03:05:12+00:00
SUSHI,0.4540587941276024,34764069,-7.5,2025-11-04T03:05:12+00:00
XYO,0.006266084038197854,13698129,-7.6,2025-11-04T03:05:12+00:00
ETHW,0.8081176926574943,10914880,-8.6,2025-11-04T03:05:12+00:00
VANA,2.8052504712510857,18806779,-4.5,2025-11-04T03:05:12+00:00
ORDI,4.111004518202131,49916735,-11.5,2025-11-04T03:05:12+00:00
POLYX,0.0708057190456994,4281223,-10.5,2025-11-04T03:05:12+00:00
WMTX,0.10895828899301839,8131855,-8.8,2025-11-04T03:05:12+00:00
WXT,0.032849197220938556,9025439,-7.2,2025-11-04T03:05:12+00:00
MELANIA,0.09979123406565879,9090568,-7.8,2025-11-04T03:05:12+00:00
ORCA,1.3809941192767918,10718587,-7.1,2025-11-04T03:05:12+00:00
AT,0.36010184732452555,66731025,-17.0,2025-11-04T03:05:12+00:00
MEME,0.0014065380060420051,36419530,-6.2,2025-11-04T03:05:12+00:00
ICX,0.07641228924727606,4024149,-5.8,2025-11-04T03:05:12+00:00
XNO,0.6189063032606897,2616175,-2.8,2025-11-04T03:05:12+00:00
API3,0.6255787926202029,20612086,-4.7,2025-11-04T03:05:12+00:00
RED,0.29330846359633833,19899216,-7.0,2025-11-04T03:05:12+00:00
GOHOME,155.54368322783495,3520374,-6.7,2025-11-04T03:05:12+00:00
CLANKER,81.0808967643168,58604183,-2.9,2025-11-04T03:05:12+00:00
ALT,0.01658468935262768,80848559,-19.1,2025-11-04T03:05:12+00:00
BAND,0.46655140166556003,10922534,-7.4,2025-11-04T03:05:12+00:00
MET,0.35827738403955683,15152780,-8.4,2025-11-04T03:05:12+00:00
MASK,0.7691285518400641,26108157,-7.2,2025-11-04T03:05:12+00:00
FUL,0.00463579171819713,135025,-3.2,2025-11-04T03:05:12+00:00
PCI,0.0745811014632769,602811,-3.8,2025-11-04T03:05:12+00:00
OSMO,0.10126578950440489,10541501,-7.5,2025-11-04T03:05:12+00:00
LRC,0.060869094466385366,11731041,-5.7,2025-11-04T03:05:12+00:00
ONE,0.0051220064414543905,10066304,-9.9,2025-11-04T03:05:12+00:00
AI16Z,0.06852271778570866,66207179,-8.3,2025-11-04T03:05:12+00:00
PUFF,0.08470941295508272,58381,-0.3,2025-11-04T03:05:12+00:00
PUNDIX,0.2885395120515086,8169984,-3.3,2025-11-04T03:05:12+00:00
ENJ,0.03916798594744559,11976415,-11.6,2025-11-04T03:05:12+00:00
ONT,0.08036393155280296,7896668,-6.5,2025-11-04T03:05:12+00:00
DESO,6.97895807218738,36933,-3.9,2025-11-04T03:05:12+00:00
COCA,0.6465540299209661,380953,-0.6,2025-11-04T03:05:12+00:00
NIZA,0.0633091447945732,1209100,-13.4,2025-11-04T03:05:12+00:00
OFT,0.6522842009162375,3429851,1.0,2025-11-04T03:05:12+00:00
XVS,4.337729841726249,9804677,-5.9,2025-11-04T03:05:12+00:00
YGG,0.1071263383695737,36910676,-8.7,2025-11-04T03:05:12+00:00
JLP,5.160001220703125,93962848,-4.0,2025-11-04T03:05:12+00:00
XAN,0.028689926019235396,20854944,-7.5,2025-11-04T03:05:12+00:00
COTI,0.02903996977292249,8804816,-8.3,2025-11-04T03:05:12+00:00
NXPC,0.3234138993181742,19233567,-7.0,2025-11-04T03:05:12+00:00
QAI,87.76170499406659,8133899,-2.3,2025-11-04T03:05:12+00:00
GMT,0.022499762663785915,21716193,-7.8,2025-11-04T03:05:12+00:00
BABY,0.024185854301353,18000359,-7.0,2025-11-04T03:05:12+00:00
SXP,0.10478623219876167,4443777,-8.9,2025-11-04T03:05:12+00:00
WAVES,0.6902185274544979,10048021,-8.6,2025-11-04T03:05:12+00:00
ME,0.4123495034723318,18963909,-5.8,2025-11-04T03:05:12+00:00
LA,0.3545296219484978,28573919,-1.3,2025-11-04T03:05:12+00:00
BLESS,0.03709500867340393,22216883,-6.3,2025-11-04T03:05:12+00:00
AIOT,0.6028084834681696,8626526,-3.3,2025-11-04T03:05:12+00:00
SNT,0.016786332255789883,5023728,-4.7,2025-11-04T03:05:12+00:00
NOT,0.0006680985287372908,22071442,-12.4,2025-11-04T03:05:12+00:00
SXT,0.047422869611433736,11775820,-7.1,2025-11-04T03:05:12+00:00
SCRT,0.2052002979341422,30265116,20.6,2025-11-04T03:05:12+00:00
SQD,0.07567382073064165,23568727,-4.4,2025-11-04T03:05:12+00:00
NEIRO,0.0001563625360894503,47838804,-12.4,2025-11-04T03:05:12+00:00
PURR,0.11032430475701371,2487806,-5.5,2025-11-04T03:05:12+00:00
OPEN,0.30077274085209893,18227062,-10.0,2025-11-04T03:05:12+00:00
WOO,0.03362564673543567,9363827,-10.6,2025-11-04T03:05:12+00:00
DAG,0.017175759553393777,1622883,-6.0,2025-11-04T03:05:12+00:00
SYND,0.13250684328920675,4893063,-16.0,2025-11-04T03:05:12+00:00
AURA,0.06571107306324639,2574849,-3.9,2025-11-04T03:05:12+00:00
IO,0.27019433761772926,29993786,-10.5,2025-11-04T03:05:12+00:00
AIXBT,0.06347457063700661,38408749,-8.5,2025-11-04T03:05:12+00:00
LIGHT,1.459910426413821,9671132,-8.4,2025-11-04T03:05:12+00:00
BAN,0.0626325760125853,13926913,-3.3,2025-11-04T03:05:12+00:00
TRB,22.924347694510654,40734759,-9.9,2025-11-04T03:05:12+00:00
DEGEN,0.0016790951860760524,14983427,-8.1,2025-11-04T03:05:12+00:00
TROLL,0.062005800626842134,9983109,-16.6,2025-11-04T03:05:12+00:00
WELL,0.013716240281014236,5568263,-2.8,2025-11-04T03:05:12+00:00
LISTA,0.24398510817867908,15911893,-5.9,2025-11-04T03:05:12+00:00
BORA,0.0529866480151179,1154791,-6.9,2025-11-04T03:05:12+00:00
B3,0.0020061346207937546,3165812,-6.1,2025-11-04T03:05:12+00:00
HOME,0.021840110657221194,11505156,-3.8,2025-11-04T03:05:12+00:00
LON,0.48846332748104004,121124,-2.2,2025-11-04T03:05:12+00:00
BNT,0.5395046414234117,738911,-5.1,2025-11-04T03:05:12+00:00
RPL,2.732560988974584,6044174,-13.4,2025-11-04T03:05:12+00:00
SPK,0.031002812319054975,22469184,-10.8,2025-11-04T03:05:12+00:00
BOME,0.0008619018792819416,47057683,-9.8,2025-11-04T03:05:12+00:00
COREUM,0.09114214250812902,281542,-7.3,2025-11-04T03:05:12+00:00
CHR,0.06967976397590878,11792158,-10.5,2025-11-04T03:05:12+00:00
SHX,0.010976030724427922,1188063,-6.7,2025-11-04T03:05:12+00:00
RLC,0.8133293920242609,9986216,-5.5,2025-11-04T03:05:12+00:00
GIGGLE,58.510216016529895,284728052,-24.9,2025-11-04T03:05:12+00:00
SIREN,0.07996653081579418,4168087,-3.6,2025-11-04T03:05:12+00:00
ORDER,0.17557066526381662,16167743,-12.4,2025-11-04T03:05:12+00:00
ARDR,0.05832437848948811,6172633,-5.7,2025-11-04T03:05:12+00:00
IOST,0.0020102697133481855,10834271,-7.1,2025-11-04T03:05:12+00:00
AURORA,0.08904520399851054,17951665,15.7,2025-11-04T03:05:12+00:00
VVV,1.409343872317655,4943575,-9.9,2025-11-04T03:05:12+00:00
4,0.05762941956277906,32153456,-31.4,2025-11-04T03:05:12+00:00
PTB,0.02767696180101987,7085147,-0.6,2025-11-04T03:05:12+00:00
METIS,8.477179893373647,17471881,-7.5,2025-11-04T03:05:12+00:00
USDP,0.9995964007259049,12497960,0.0,2025-11-04T03:05:12+00:00
MYTH,0.0711078439709675,1649946,-3.7,2025-11-04T03:05:12+00:00
LUNA,0.08198285919946997,21429428,-8.8,2025-11-04T03:05:12+00:00
BLAST,0.0011483253812746264,5833632,-11.7,2025-11-04T03:05:12+00:00
ALCH,0.06608300581959296,18714434,-3.9,2025-11-04T03:05:12+00:00
HIVE,0.11296562171662812,2532648,-8.3,2025-11-04T03:05:12+00:00
DIA,0.46506934618020745,6764114,-5.1,2025-11-04T03:05:12+00:00
ZENT,0.007140606292631386,26484327,15.3,2025-11-04T03:05:12+00:00
BICO,0.05580692930466605,12058754,-3.2,2025-11-04T03:05:12+00:00
OCEAN,0.27686675521386384,861572,-8.6,2025-11-04T03:05:12+00:00
ORBS,0.011698242981574307,5499239,-5.8,2025-11-04T03:05:12+00:00
BAL,0.8557812216717642,6571761,-12.3,2025-11-04T03:05:12+00:00
CLOUD,0.10896168997496793,1795625,-5.9,2025-11-04T03:05:12+00:00
SOMI,0.34235873711232634,16705651,-8.1,2025-11-04T03:05:12+00:00
CPOOL,0.06517891716919612,21522812,8.5,2025-11-04T03:05:12+00:00
SWFTC,0.005421203688364879,771871,-7.2,2025-11-04T03:05:12+00:00
ACH,0.0109166759451333,19670761,-6.7,2025-11-04T03:05:12+00:00
TEA,0.17932303135540062,2081758,-55.1,2025-11-04T03:05:12+00:00
ARK,0.27989431061691145,1804260,-10.1,2025-11-04T03:05:12+00:00
ACT,0.03136200958984375,57202,-2.3,2025-11-04T03:05:12+00:00
OG,12.217039750150864,17121119,-1.5,2025-11-04T03:05:12+00:00
CARV,0.18090903738591002,28023849,-4.7,2025-11-04T03:05:12+00:00
STRAX,0.026333016335539867,2400939,-11.4,2025-11-04T03:05:12+00:00
AGI,0.025332273403242095,3241197,-12.1,2025-11-04T03:05:12+00:00
GIGA,0.005504030758093522,3581746,-17.1,2025-11-04T03:05:12+00:00
BITCOIN,0.05275663151735311,8649947,-10.0,2025-11-04T03:05:12+00:00
PEOPLE,0.010265867568984531,33284024,-8.8,2025-11-04T03:05:12+00:00
MVL,0.001888058544908802,341115,-7.0,2025-11-04T03:05:12+00:00
BIGTIME,0.02719444949332081,14215036,-8.5,2025-11-04T03:05:12+00:00
VRA,0.0006038680060790027,15047015,-6.7,2025-11-04T03:05:12+00:00
EDGE,0.2544912873746325,2193460,-9.9,2025-11-04T03:05:12+00:00
POWR,0.09742491185591914,5109736,-8.7,2025-11-04T03:05:12+00:00
SIGN,0.03791052418787833,29221166,5.8,2025-11-04T03:05:12+00:00
SGB,0.0031373527559550914,265481,-1.4,2025-11-04T03:05:12+00:00
PTGC,0.00017079377868652344,87525,-6.8,2025-11-04T03:05:12+00:00
LQTY,0.5093378292966574,14812584,-5.8,2025-11-04T03:05:12+00:00
FAI,0.006084483966623935,1097765,-3.8,2025-11-04T03:05:12+00:00
YZY,0.3832476149708092,3990050,-0.2,2025-11-04T03:05:12+00:00
FIDA,0.05023143890339056,6648533,-9.6,2025-11-04T03:05:12+00:00
KGEN,0.2504834355546954,9548261,-2.8,2025-11-04T03:05:12+00:00
IQ,0.002082783477663088,2228609,-8.8,2025-11-04T03:05:12+00:00
ZEREBRO,0.04952090556853375,18794890,20.6,2025-11-04T03:05:12+00:00
DOOD,0.0063401886882421075,10390383,-6.0,2025-11-04T03:05:12+00:00
MNDE,0.08895050581748667,3365612,-15.7,2025-11-04T03:05:12+00:00
ICNT,0.29555675499666295,13102243,-6.1,2025-11-04T03:05:12+00:00
HONEY,0.009570430039779433,15383791,-4.3,2025-11-04T03:05:12+00:00
PRIME,0.8981327448021417,2968010,-11.7,2025-11-04T03:05:12+00:00
WRX,0.10804191217351457,280411,-7.7,2025-11-04T03:05:12+00:00
AUDIO,0.03596599741186053,9813669,-6.6,2025-11-04T03:05:12+00:00
WKC,8.979861421446185e-08,369259,-15.9,2025-11-04T03:05:12+00:00
SPELL,0.0002861647208492301,5959766,-7.7,2025-11-04T03:05:12+00:00
FLOCK,0.2009336983771052,10572467,-8.7,2025-11-04T03:05:12+00:00
NIL,0.1785369483096532,8386144,-19.3,2025-11-04T03:05:12+00:00
GEOD,0.11023232898037315,536160,-9.8,2025-11-04T03:05:12+00:00
GUSD,0.9996408222980534,371795,0.0,2025-11-04T03:05:12+00:00
AEVO,0.05207780925644679,27209932,-7.8,2025-11-04T03:05:12+00:00
B2,1.141118765366094,43143256,12.8,2025-11-04T03:05:12+00:00
BNKR,0.0004734053999491423,2025313,-14.0,2025-11-04T03:05:12+00:00
TORN,12.404417377387484,3007706,-10.7,2025-11-04T03:05:12+00:00
DORA,0.047178702443237304,396843,-0.4,2025-11-04T03:05:12+00:00
KNC,0.27647325922037114,9157621,-4.1,2025-11-04T03:05:12+00:00
MIRA,0.218894738302177,12667149,-7.1,2025-11-04T03:05:12+00:00
ERG,0.5681056142070045,242720,-6.8,2025-11-04T03:05:12+00:00
OSAK,6.094341570890447e-08,56164,-8.3,2025-11-04T03:05:12+00:00
BGSC,0.004165031182195934,18484398,-7.7,2025-11-04T03:05:12+00:00
INC,1.0682110779452412,645024,-6.1,2025-11-04T03:05:12+00:00
GOAT,0.04587699270664636,11920796,-10.1,2025-11-04T03:05:12+00:00
SRX,0.07579812724948563,2727066,-1.1,2025-11-04T03:05:12+00:00
AUCTION,6.450282748685956,26360959,-4.0,2025-11-04T03:05:12+00:00
EURI,1.1510485839457854,4149059,-0.1,2025-11-04T03:05:12+00:00
EWT,0.7522943835665135,472505,-5.2,2025-11-04T03:05:12+00:00
TAG,0.0004179812216313945,5457133,-7.0,2025-11-04T03:05:12+00:00
YB,0.516161403833508,82398793,-18.6,2025-11-04T03:05:12+00:00
ABT,0.4599148198168927,619416,-12.6,2025-11-04T03:05:12+00:00
MLK,0.08927721306684314,5597587,-10.8,2025-11-04T03:05:12+00:00
COOKIE,0.07229787151077884,16655177,-11.1,2025-11-04T03:05:12+00:00
SOPH,0.02249267732744197,13563100,-9.8,2025-11-04T03:05:12+00:00
CHEX,0.04490892530739059,1174903,-10.7,2025-11-04T03:05:12+00:00
REACT,0.10892213004854717,1426734,-12.8,2025-11-04T03:05:12+00:00
INC,0.4977174942881035,224560,-1.2,2025-11-04T03:05:12+00:00
LAYER,0.21287806007044469,19402700,-16.3,2025-11-04T03:05:12+00:00
G,0.006166941853301439,6119954,-9.8,2025-11-04T03:05:12+00:00
NOM,0.015354498177191566,8945604,-9.4,2025-11-04T03:05:12+00:00
TPT,0.012834207302752448,125121,-1.5,2025-11-04T03:05:12+00:00
MANTA,0.09682730687452043,16628596,-11.2,2025-11-04T03:05:12+00:00
QANX,0.02582869739997439,213200,-5.6,2025-11-04T03:05:12+00:00
BTRST,0.18605506508457717,2993025,61.8,2025-11-04T03:05:12+00:00
BANANA,10.714169826396173,14724136,-9.8,2025-11-04T03:05:12+00:00
CYBER,0.8642373496618755,12596658,-10.5,2025-11-04T03:05:12+00:00
RIF,0.0427407035564997,1979713,-4.5,2025-11-04T03:05:12+00:00
DSYNC,0.04415399873709345,2041528,-20.1,2025-11-04T03:05:12+00:00
POND,0.005179697930511539,2923515,-5.4,2025-11-04T03:05:12+00:00
ERA,0.24171567658297546,20560536,-8.4,2025-11-04T03:05:12+00:00
TAKE,0.26052045039828203,55401326,-8.6,2025-11-04T03:05:12+00:00
ID,0.09727292645531102,11810435,-6.9,2025-11-04T03:05:12+00:00
IKA,0.013931835125584498,14532439,-16.3,2025-11-04T03:05:12+00:00
ANIME,0.007546001659460402,15598434,-9.2,2025-11-04T03:05:12+00:00
SONIC,0.11570248394635096,13392093,-7.9,2025-11-04T03:05:12+00:00
PHA,0.05078235816669962,17651248,-12.4,2025-11-04T03:05:12+00:00
ONG,0.09654328689029754,3441077,-11.5,2025-11-04T03:05:12+00:00
CTK,0.27723269832285913,2483581,-3.2,2025-11-04T03:05:12+00:00
SATS,1.9683759106037727e-08,10490341,-10.2,2025-11-04T03:05:12+00:00
DOVU,0.004124984039511979,206123,-11.3,2025-11-04T03:05:12+00:00
ANYONE,0.515253085873815,1612675,-8.3,2025-11-04T03:05:12+00:00
GAME,0.04115840774460004,7834757,-8.1,2025-11-04T03:05:12+00:00
STEEM,0.07723469945495522,24973016,-6.4,2025-11-04T03:05:12+00:00
GAME,0.0022339287485003464,1968800,-7.4,2025-11-04T03:05:12+00:00
CVC,0.05098709140731569,8465273,-9.2,2025-11-04T03:05:12+00:00
TAIKO,0.2183380302085186,12067082,-10.6,2025-11-04T03:05:12+00:00
AIAT,0.3675745443115234,50266,0.5,2025-11-04T03:05:12+00:00
XAI,0.02203203492923164,17016617,-8.8,2025-11-04T03:05:12+00:00
RAIN,0.003279973255929369,3300139,-4.5,2025-11-04T03:05:12+00:00
DKA,0.007981154229772683,2345964,-12.9,2025-11-04T03:05:12+00:00
CTSI,0.045010505265247865,5763938,-6.1,2025-11-04T03:05:12+00:00
VINE,0.03981575785957719,14371096,-5.9,2025-11-04T03:05:12+00:00
CROSS,0.1185784700024531,4584108,-3.8,2025-11-04T03:05:12+00:00
AVL,0.15586112879546227,123703569,-3.7,2025-11-04T03:05:12+00:00
IAG,0.1053610478837532,9106526,-15.1,2025-11-04T03:05:12+00:00
ACX,0.06188207204297223,14207182,-7.2,2025-11-04T03:05:12+00:00
BSU,0.23430811615907804,33424273,2.2,2025-11-04T03:05:12+00:00
JOE,0.0986352159916142,6886835,-9.4,2025-11-04T03:05:12+00:00
CGPT,0.04510754311622673,15850600,-11.3,2025-11-04T03:05:12+00:00
LSK,0.18795669956394356,3466854,-8.1,2025-11-04T03:05:12+00:00
BANK,0.09171760702356073,12479225,0.4,2025-11-04T03:05:12+00:00
URANUS,0.38824400788587554,4744981,-6.4,2025-11-04T03:05:12+00:00
USTC,0.006882821491807217,7067472,-10.1,2025-11-04T03:05:12+00:00
GNS,1.3904426853710643,2346664,-6.5,2025-11-04T03:05:12+00:00
ZKC,0.19093430792177285,25889109,-7.5,2025-11-04T03:05:12+00:00
BFC,0.027429038340758823,2203928,-6.6,2025-11-04T03:05:12+00:00
FLUX,0.09640493610322322,4433783,-10.7,2025-11-04T03:05:12+00:00
WAXP,0.010725472903829709,2867621,-9.2,2025-11-04T03:05:12+00:00
LUSD,1.001,764540,0.0,2025-11-04T03:05:12+00:00
HOLO,0.10807877719017095,13044538,-11.0,2025-11-04T03:05:12+00:00
MOB,0.18843366830125236,82284,0.0,2025-11-04T03:05:12+00:00
STO,0.16592487370372086,8669852,-2.4,2025-11-04T03:05:12+00:00
CHEEL,0.6569791414986994,2096591,-4.4,2025-11-04T03:05:12+00:00
VR,0.00456867438238583,1118528,-3.3,2025-11-04T03:05:12+00:00
BB,0.09067670740399865,20175794,-9.3,2025-11-04T03:05:12+00:00
MAGIC,0.11695403561960493,14678777,-8.5,2025-11-04T03:05:12+00:00
FB,0.419614713696578,4256410,-2.1,2025-11-04T03:05:12+00:00
VELO,0.03477674728537965,9773286,-7.3,2025-11-04T03:05:12+00:00
ISLM,0.01664425331822954,139329,-0.5,2025-11-04T03:05:12+00:00
SLP,0.0010095981991360894,3527765,-5.3,2025-11-04T03:05:12+00:00
CAW,5.715444677816515e-08,502038,-4.2,2025-11-04T03:05:12+00:00
ELON,6.619972472808697e-08,2882690,-7.3,2025-11-04T03:05:12+00:00
CBK,0.36855647873134334,5935331,-11.6,2025-11-04T03:05:12+00:00
NYM,0.0441269435424276,2419017,-6.1,2025-11-04T03:05:12+00:00
DENT,0.00037853634723625804,4618152,-8.7,2025-11-04T03:05:12+00:00
CLO,0.2798701254329409,9793362,3.9,2025-11-04T03:05:12+00:00
ZBT,0.16382844011531045,1415974026,-11.3,2025-11-04T03:05:12+00:00
APTM,0.5720422607999491,820072,-0.6,2025-11-04T03:05:12+00:00
HUMA,0.020684487316037885,16509796,-8.2,2025-11-04T03:05:12+00:00
HP,0.029359960299528417,438694,-8.2,2025-11-04T03:05:12+00:00
MTL,0.4081248563013658,3552602,-7.3,2025-11-04T03:05:12+00:00
CUSD,1.0005016670951574,3939230,-0.0,2025-11-04T03:05:12+00:00
SAPIEN,0.14198000651841677,10170679,-7.5,2025-11-04T03:05:12+00:00
STIK,0.7865517034695149,183517,-0.7,2025-11-04T03:05:12+00:00
DRV,0.04096367882977551,288705,7.0,2025-11-04T03:05:12+00:00
1R0R,0.0053703318763169946,17992,-6.4,2025-11-04T03:05:12+00:00
ESPORTS,0.23090265143169467,7973746,10.2,2025-11-04T03:05:12+00:00
LMTS,0.26624362252216166,7646074,-18.2,2025-11-04T03:05:12+00:00
HOSKY,3.502979089112912e-08,66931,-2.7,2025-11-04T03:05:12+00:00
CETUS,0.04057950349651523,18038593,-11.3,2025-11-04T03:05:12+00:00
REZ,0.007670816339006528,15436039,-8.3,2025-11-04T03:05:12+00:00
HEMI,0.035627405519884345,14851351,-8.3,2025-11-04T03:05:12+00:00
RUJI,0.4668130165895203,592071,-8.6,2025-11-04T03:05:12+00:00
WIN,3.494389220140457e-05,17770557,-4.5,2025-11-04T03:05:12+00:00
MED,0.0032452324068206052,516655,-8.2,2025-11-04T03:05:12+00:00
OMI,0.00012716984176108236,2787232,-3.2,2025-11-04T03:05:12+00:00
STBL,0.0682712053261318,21986346,-16.3,2025-11-04T03:05:12+00:00
MGO,0.021390947924206326,4359426,-4.7,2025-11-04T03:05:12+00:00
RATS,3.388614181395713e-05,18048982,-2.6,2025-11-04T03:05:12+00:00
QKC,0.004706735499908575,976796,-6.9,2025-11-04T03:05:12+00:00
BBT,0.24873911241796812,70644,-11.7,2025-11-04T03:05:12+00:00
HEGIC,0.0311402244732666,65912,-6.0,2025-11-04T03:05:12+00:00
GLMR,0.03265711508268682,4004422,-9.0,2025-11-04T03:05:12+00:00
PAPARAZZI,0.010162481409985324,962462,-40.7,2025-11-04T03:05:12+00:00
MOVR,3.2727169445823874,8032044,-2.2,2025-11-04T03:05:12+00:00
AIO,0.1433018716098085,10054456,-9.7,2025-11-04T03:05:12+00:00
HYPER,0.1592333616654407,19655982,-11.3,2025-11-04T03:05:12+00:00
XRD,0.002457565368137564,386915,-3.8,2025-11-04T03:05:12+00:00
WILD,0.08278540554614613,29454954,-58.3,2025-11-04T03:05:12+00:00
SOLV,0.02200217689531829,98286885,-0.2,2025-11-04T03:05:12+00:00
DYM,0.08224286810982541,7670859,-12.2,2025-11-04T03:05:12+00:00
TSLAX,465.87071831853336,27393306,1.5,2025-11-04T03:05:12+00:00
ETN,0.0017735013352789906,1274412,-8.7,2025-11-04T03:05:12+00:00
LBT,0.12991154358829746,315913,-0.2,2025-11-04T03:05:12+00:00
OLAS,0.15089073054366553,317436,-3.9,2025-11-04T03:05:12+00:00
ALI,0.0034783845041820765,399852,-5.8,2025-11-04T03:05:12+00:00
AERGO,0.06703349599523512,8735663,-7.5,2025-11-04T03:05:12+00:00
QI,0.004355249653238214,1649289,-7.2,2025-11-04T03:05:12+00:00
C98,0.031218122810232597,12367963,-9.7,2025-11-04T03:05:12+00:00
F,0.011487909925846416,19978542,-10.0,2025-11-04T03:05:12+00:00
STRX,0.036605368935546875,18498,-5.4,2025-11-04T03:05:12+00:00
PIPPIN,0.030993420339480566,11639782,-6.7,2025-11-04T03:05:12+00:00
PIVX,0.314333230223361,13474022,25.8,2025-11-04T03:05:12+00:00
POKT,0.01523396839983344,9240957,-3.0,2025-11-04T03:05:12+00:00
SAUCE,0.035499039334661246,209801,-7.2,2025-11-04T03:05:12+00:00
SCR,0.1609262773782462,51088935,-19.8,2025-11-04T03:05:12+00:00
AITECH,0.01787984306209026,12863318,-11.1,2025-11-04T03:05:12+00:00
RSC,0.24560638415012764,858889,-9.8,2025-11-04T03:05:12+00:00
ARIA,0.16677826468944246,42491893,-0.0,2025-11-04T03:05:12+00:00
NAORIS,0.05025424398593518,4343004,11.5,2025-11-04T03:05:12+00:00
ELA,1.3086884844461968,277554,-5.9,2025-11-04T03:05:12+00:00
IDOL,0.033187272006920954,19414002,-6.2,2025-11-04T03:05:12+00:00
NOS,0.35701262614930546,914268,-8.2,2025-11-04T03:05:12+00:00
KET,0.02976086186313598,250229,-9.8,2025-11-04T03:05:12+00:00
GFI,0.3183631576862629,557987,-10.6,2025-11-04T03:05:12+00:00
DEVVE,0.3394820299252994,349468,-5.9,2025-11-04T03:05:12+00:00
SSV,4.176577212665334,20100904,-12.1,2025-11-04T03:05:12+00:00
SDEX,0.003173289478146991,445775,-4.3,2025-11-04T03:05:12+00:00
AVAIL,0.008302089117768363,995536,-3.2,2025-11-04T03:05:12+00:00
CAT,4.361631742600425e-06,7161825,-11.3,2025-11-04T03:05:12+00:00
PEPECOIN,0.30666978285689683,354878,6.7,2025-11-04T03:05:12+00:00
BOBA,0.05928895979114197,6843172,-5.7,2025-11-04T03:05:12+00:00
HUNT,0.1471117962036133,209400,-11.4,2025-11-04T03:05:12+00:00
USUAL,0.0277813733132204,14274270,-6.5,2025-11-04T03:05:12+00:00
AGLD,0.3331962485006313,8078204,-8.6,2025-11-04T03:05:12+00:00
DOLO,0.06990824725631416,7374449,-9.6,2025-11-04T03:05:12+00:00
APU,8.590074296532556e-05,1153215,-11.0,2025-11-04T03:05:12+00:00
LIBERTY,0.028985896844482422,161532,-12.1,2025-11-04T03:05:12+00:00
TRADOOR,2.0193919933705167,1965480,-12.0,2025-11-04T03:05:12+00:00
CORN,0.054754512426671294,16635283,-11.6,2025-11-04T03:05:12+00:00
TRUTH,0.013775171521332407,1890767,2.9,2025-11-04T03:05:12+00:00
ZRC,0.013061716604144385,13024883,-2.7,2025-11-04T03:05:12+00:00
GODS,0.07258429846268113,669266,-8.6,2025-11-04T03:05:12+00:00
SUPRA,0.0014414283546829222,2460386,-16.7,2025-11-04T03:05:12+00:00
ARC,0.02848147504767275,17023143,51.7,2025-11-04T03:05:12+00:00
FIRO,1.5918295879478257,643458,-11.5,2025-11-04T03:05:12+00:00
SHELL,0.10532933845299061,32708983,-11.3,2025-11-04T03:05:12+00:00
CELR,0.004998316194189757,2924194,-9.4,2025-11-04T03:05:12+00:00
PONKE,0.05078506952889785,6053236,-9.3,2025-11-04T03:05:12+00:00
PRO,0.4869554428375375,11134153,-8.5,2025-11-04T03:05:12+00:00
DEP,0.001018081390226751,2248409,-8.4,2025-11-04T03:05:12+00:00
FUN,0.0026382158164546038,18614992,-14.7,2025-11-04T03:05:12+00:00
LAVA,0.08794685494048401,759267,-13.2,2025-11-04T03:05:12+00:00
OGN,0.04254178809981858,5480754,-5.8,2025-11-04T03:05:12+00:00
GEAR,0.0027620664140490256,534092,-12.9,2025-11-04T03:05:12+00:00
SAGA,0.08638600289248255,15675708,-10.5,2025-11-04T03:05:12+00:00
NCT,0.014525042742867665,356176,-7.2,2025-11-04T03:05:12+00:00
Q,0.01691840126222328,6783660,-13.4,2025-11-04T03:05:12+00:00
ROAM,0.08441963978040479,21185016,5.9,2025-11-04T03:05:12+00:00
PAAL,0.029911687435710682,1786331,-14.8,2025-11-04T03:05:12+00:00
AO,5.225933229888077,185712,-5.0,2025-11-04T03:05:12+00:00
AKE,0.0011563819795812078,2469896,-8.9,2025-11-04T03:05:12+00:00
EGL1,0.02736799192246381,11301590,-16.3,2025-11-04T03:05:12+00:00
HFUN,26.39005798339844,251785,-6.4,2025-11-04T03:05:12+00:00
DODO,0.026168179736111862,4925364,-7.3,2025-11-04T03:05:12+00:00
FLIP,0.39000486348874097,652531,-14.4,2025-11-04T03:05:12+00:00
BERT,0.02671291113625988,3681845,-20.3,2025-11-04T03:05:12+00:00
CORGIAI,7.537983119150003e-05,71777,-5.9,2025-11-04T03:05:12+00:00
PEP,0.00025652561986585457,179862,-1.5,2025-11-04T03:05:12+00:00
ACS,0.0005847613733544056,4559049,5.7,2025-11-04T03:05:12+00:00
BANANAS31,0.002568247570241528,8447145,-8.2,2025-11-04T03:05:12+00:00
SD,0.3874389798143619,5055059,-4.2,2025-11-04T03:05:12+00:00
LAUNCHCOIN,0.019074452603759763,14545100,-18.1,2025-11-04T03:05:12+00:00
NEWT,0.11779294465815875,6552289,-11.1,2025-11-04T03:05:12+00:00
RARE,0.030873144788650823,8079438,-6.7,2025-11-04T03:05:12+00:00
MBX,0.09587728063954087,1737453,-4.2,2025-11-04T03:05:12+00:00
SPYON,681.4212721830462,295387,-0.4,2025-11-04T03:05:12+00:00
HFT,0.040255277373546484,19300856,-8.0,2025-11-04T03:05:12+00:00
XYM,0.00405319880993249,216327,-5.1,2025-11-04T03:05:12+00:00
VANRY,0.01261817574494228,6323002,-10.4,2025-11-04T03:05:12+00:00
KERNEL,0.10388404427546799,27486544,-9.2,2025-11-04T03:05:12+00:00
SKI,0.02456147776852037,667942,-9.8,2025-11-04T03:05:12+00:00
BOOST,0.15319447721457466,4492374,2.1,2025-11-04T03:05:12+00:00
DIAM,0.013916677226631077,183119,-3.8,2025-11-04T03:05:12+00:00
BAS,0.009725750448617775,7081928,-13.8,2025-11-04T03:05:12+00:00
A2Z,0.00395963246321195,9340649,3.6,2025-11-04T03:05:12+00:00
IN,0.1059032397110326,15903888,-0.9,2025-11-04T03:05:12+00:00
CAMP,0.011483068235880387,6240703,0.1,2025-11-04T03:05:12+00:00
SERV,0.03288995860164372,495501,-18.1,2025-11-04T03:05:12+00:00
MORI,0.02664970896664906,9413625,-5.7,2025-11-04T03:05:12+00:00
ANDY,2.39819708461623e-05,752866,-15.4,2025-11-04T03:05:12+00:00
AVA,0.3395591725781687,13574216,-3.6,2025-11-04T03:05:12+00:00
MCDULL,2.668e-06,8302,-10.7,2025-11-04T03:05:12+00:00
AIN,0.12754914371047152,26440815,-2.1,2025-11-04T03:05:12+00:00
PUFFER,0.07834929419144997,8350791,-13.5,2025-11-04T03:05:12+00:00
AA,0.1634075834396004,22271112,8.3,2025-11-04T03:05:12+00:00
ELX,0.09089490602372319,8824882,-3.7,2025-11-04T03:05:12+00:00
DOGS,4.540719357562113e-05,16225660,-10.6,2025-11-04T03:05:12+00:00
NTRN,0.03795051582327685,1616146,-10.3,2025-11-04T03:05:12+00:00
CHILLGUY,0.02343954145541192,10316929,-8.5,2025-11-04T03:05:12+00:00
ORAI,1.212882556876553,952581,-7.7,2025-11-04T03:05:12+00:00
MAPO,0.003824583842298058,625922,-3.7,2025-11-04T03:05:12+00:00
DUSK,0.04664449521624727,10575860,2.1,2025-11-04T03:05:12+00:00
BONE,0.093134392617213,2039567,-11.7,2025-11-04T03:05:12+00:00
FORTH,2.0199653699629647,3054284,-7.1,2025-11-04T03:05:12+00:00
NATIX,0.0005700017467577561,608145,-1.2,2025-11-04T03:05:12+00:00
TREE,0.14783303911756573,22489169,-7.8,2025-11-04T03:05:12+00:00
ZKJ,0.05975925852771937,9882725,-12.5,2025-11-04T03:05:12+00:00
MBL,0.0012225010585030437,8052676,-9.1,2025-11-04T03:05:12+00:00
UXLINK,0.03757675997278536,3022520,-22.9,2025-11-04T03:05:12+00:00
NOBODY,0.024173885311683477,3409746,-8.9,2025-11-04T03:05:12+00:00
ALICE,0.24451784198330354,16270633,-8.7,2025-11-04T03:05:12+00:00
STORJ,0.1563312716346018,8498361,-5.8,2025-11-04T03:05:12+00:00
WCT,0.12045137172239637,32225007,-10.5,2025-11-04T03:05:12+00:00
COMMON,0.009266592145501278,50868546,-11.3,2025-11-04T03:05:12+00:00
MAV,0.029438288893966696,4968867,-11.6,2025-11-04T03:05:12+00:00
ENSO,1.077915418044466,50198592,-10.0,2025-11-04T03:05:12+00:00
HMSTR,0.0003443273040521153,10674333,-11.4,2025-11-04T03:05:12+00:00
OXT,0.037254627983723095,3376708,-4.2,2025-11-04T03:05:12+00:00
MIN,0.012437318470111827,135344,-5.7,2025-11-04T03:05:12+00:00
EUSD,1.0002785121402948,1339991,-0.0,2025-11-04T03:05:12+00:00
XION,0.5130653503784115,8728169,-9.6,2025-11-04T03:05:12+00:00
TRU,0.016352450431871224,10732835,-7.0,2025-11-04T03:05:12+00:00
NAVX,0.03014302465237729,2843843,-4.4,2025-11-04T03:05:12+00:00
PHB,0.3629765894538964,9945456,-9.0,2025-11-04T03:05:12+00:00
EVER,0.010909213442387445,108048,-8.1,2025-11-04T03:05:12+00:00
THE,0.18348336176610971,9939539,-12.3,2025-11-04T03:05:12+00:00
EPIC,0.7200009253148081,7274508,-9.2,2025-11-04T03:05:12+00:00
INIT,0.1244746808416977,29771873,-7.4,2025-11-04T03:05:12+00:00
COQ,3.0964923868604884e-07,5935343,-6.3,2025-11-04T03:05:12+00:00
EVAA,3.240301673703185,21407557,-43.6,2025-11-04T03:05:12+00:00
LYN,0.10198436640438083,2644002,-0.0,2025-11-04T03:05:12+00:00
PORT3,0.04246515825472151,10514194,-4.3,2025-11-04T03:05:12+00:00
TIG,0.8442938768310546,536900,0.7,2025-11-04T03:05:12+00:00
HOPR,0.038834964633323046,142290,-1.7,2025-11-04T03:05:12+00:00
X,3.030943474125227e-05,1524488,-5.7,2025-11-04T03:05:12+00:00
ICE,0.003068123046249271,7489044,-1.3,2025-11-04T03:05:12+00:00
RAD,0.4180190185245046,4691954,-7.4,2025-11-04T03:05:12+00:00
MBOX,0.04152111253503514,7234697,-7.6,2025-11-04T03:05:12+00:00
NST,2.412022933902844,338448,-10.0,2025-11-04T03:05:12+00:00
READY,0.02061487892386097,860710,-20.9,2025-11-04T03:05:12+00:00
SWELL,0.004889365744124782,10440370,-12.7,2025-11-04T03:05:12+00:00
SYS,0.02413725545186898,2308839,-10.7,2025-11-04T03:05:12+00:00
DEXT,0.286607869872083,160737,-8.2,2025-11-04T03:05:12+00:00
PIN,0.2516243031435741,1046707,-5.1,2025-11-04T03:05:12+00:00
MAMO,0.05068656421997726,1653290,-5.3,2025-11-04T03:05:12+00:00
TOWNS,0.009531444008515856,10052490,-7.5,2025-11-04T03:05:12+00:00
TAI,0.03416872105954844,3142043,-11.8,2025-11-04T03:05:12+00:00
EDEN,0.10827950010498458,16959755,-2.9,2025-11-04T03:05:12+00:00
HEART,0.002535911844929403,412616,-21.6,2025-11-04T03:05:12+00:00
INV,33.06999455635477,187844,-7.6,2025-11-04T03:05:12+00:00
TOKEN,0.006604720837669114,3518037,-7.9,2025-11-04T03:05:12+00:00
OAS,0.0035516745843248857,298306,-14.1,2025-11-04T03:05:12+00:00
MLC,0.22670863029861707,595466,-12.9,2025-11-04T03:05:12+00:00
MNSRY,0.021751374633949244,1334990,-10.5,2025-11-04T03:05:12+00:00
XPLA,0.02344765516888982,20007,-7.3,2025-11-04T03:05:12+00:00
FORT,0.0312002447644446,501908,-6.7,2025-11-04T03:05:12+00:00
THALES,0.30401423687744145,4777,-0.7,2025-11-04T03:05:12+00:00
LOCUS,0.009315858961788676,110345,-3.7,2025-11-04T03:05:12+00:00
VELVET,0.21232746660132973,10338488,-13.4,2025-11-04T03:05:12+00:00
DAO,0.0771627709438331,639662,-7.5,2025-11-04T03:05:12+00:00
CACAO,0.1933616121520996,4050875,0.5,2025-11-04T03:05:12+00:00
GPS,0.0061245927613538375,9623523,-11.6,2025-11-04T03:05:12+00:00
LYX,0.6317950523773762,550004,-2.6,2025-11-04T03:05:12+00:00
FWOG,0.019767062453246755,1839115,-12.2,2025-11-04T03:05:12+00:00
RSS3,0.022497003810626616,3002807,-8.1,2025-11-04T03:05:12+00:00
HEI,0.24124261520557694,8088768,-10.3,2025-11-04T03:05:12+00:00
MANYU,1.9224227078659076e-08,2051860,-15.3,2025-11-04T03:05:12+00:00
QQQON,629.0781147769478,211452,-0.4,2025-11-04T03:05:12+00:00
VFY,0.06241734006177743,7694633,-7.0,2025-11-04T03:05:12+00:00
ACE,0.24481642124323483,8263817,-9.0,2025-11-04T03:05:12+00:00
FON,1.0375333329200123,152497,-2.6,2025-11-04T03:05:12+00:00
GRND,0.026910887866370123,173881,-9.6,2025-11-04T03:05:12+00:00
IXS,0.10561952699971115,178020,-10.5,2025-11-04T03:05:12+00:00
CULT,0.00040552160392769534,1707205,-8.4,2025-11-04T03:05:12+00:00
ASM,0.012648990329917233,292652,-7.0,2025-11-04T03:05:12+00:00
OORT,0.030110471915653438,311593,-4.6,2025-11-04T03:05:12+00:00
NEON,0.07900326529630813,731236,-7.2,2025-11-04T03:05:12+00:00
DOGINME,0.0002780420117586203,875138,-8.4,2025-11-04T03:05:12+00:00
NFP,0.035003578040946864,5052707,-7.5,2025-11-04T03:05:12+00:00
ZND,0.11246581014960276,3399555,-13.7,2025-11-04T03:05:12+00:00
MLN,6.2508542909897145,7432996,-7.6,2025-11-04T03:05:12+00:00
A8,0.0477605230585361,6096807,-9.9,2025-11-04T03:05:12+00:00
ADX,0.12603378496046277,8719169,-8.5,2025-11-04T03:05:12+00:00
ZEUS,0.052507020287057025,5426967,-10.1,2025-11-04T03:05:12+00:00
DUPE,0.018500224072621564,9631342,4.6,2025-11-04T03:05:12+00:00
MOBILE,0.00029415919968178055,762618,-4.9,2025-11-04T03:05:12+00:00
ACA,0.01566808035912455,3440930,-7.5,2025-11-04T03:05:12+00:00
HIPPO,0.0018235132827155985,13325263,-0.4,2025-11-04T03:05:12+00:00
KLV,0.0020147993890483598,4324420,-5.7,2025-11-04T03:05:12+00:00
LMWR,0.049282015603114564,2069428,-6.4,2025-11-04T03:05:12+00:00
A47,0.018154799465788466,3989322,-4.9,2025-11-04T03:05:12+00:00
IRON,0.2676108149249696,324327,-10.7,2025-11-04T03:05:12+00:00
TRWA,0.002588589990399157,458126,-16.2,2025-11-04T03:05:12+00:00
RDNT,0.013955519255289631,6903228,-3.6,2025-11-04T03:05:12+00:00
GRIFFAIN,0.018030168489682783,6877221,-7.1,2025-11-04T03:05:12+00:00
RIO,0.18022684101173492,2544340,0.3,2025-11-04T03:05:12+00:00
BXN,0.0011528895090111707,458053,0.1,2025-11-04T03:05:12+00:00
MITO,0.08621489721881768,13510852,-3.8,2025-11-04T03:05:12+00:00
IDEX,0.018275632838389858,4143200,-6.0,2025-11-04T03:05:12+00:00
OGY,0.002175895623090031,234518,13.4,2025-11-04T03:05:12+00:00
OL,0.022902476013596223,6011269,-3.1,2025-11-04T03:05:12+00:00
NVDAX,206.97281632317868,16924525,1.2,2025-11-04T03:05:12+00:00
VITA,0.6859166712199825,167808,-2.7,2025-11-04T03:05:12+00:00
EL,0.0026041395810027456,87467,-8.9,2025-11-04T03:05:12+00:00
HIGH,0.2567267302923585,5325684,-9.4,2025-11-04T03:05:12+00:00
LIF3,0.009064504629051473,562994,-7.1,2025-11-04T03:05:12+00:00
AQT,0.6578675207519796,2130022,-14.3,2025-11-04T03:05:12+00:00
PAYAI,0.01755624356266013,7587789,-28.0,2025-11-04T03:05:12+00:00
QUAI,0.026740275089056232,352095,-2.5,2025-11-04T03:05:12+00:00
TT,0.0013525047444367163,615437,-10.7,2025-11-04T03:05:12+00:00
PRCL,0.03827962987884674,5808952,-9.8,2025-11-04T03:05:12+00:00
PING,0.01727044107789419,18235369,-32.5,2025-11-04T03:05:12+00:00
BLUE,0.05228564524059214,8569953,-12.2,2025-11-04T03:05:12+00:00
GUN,0.01429069417669665,4569696,-8.1,2025-11-04T03:05:12+00:00
ROG,0.2568279488617617,188260,-0.0,2025-11-04T03:05:12+00:00
MUBARAK,0.017195470976737775,19971680,-10.4,2025-11-04T03:05:12+00:00
XBG,0.07959992874145508,628501,-5.2,2025-11-04T03:05:12+00:00
WEN,2.3497230338995038e-05,2684889,-8.3,2025-11-04T03:05:12+00:00
NOICE,0.00029176974536325147,2701447,-4.7,2025-11-04T03:05:12+00:00
L3,0.017827192797590635,8098302,-11.0,2025-11-04T03:05:12+00:00
WOLF,1.8796703848910522e-05,1958581,-16.0,2025-11-04T03:05:12+00:00
TLM,0.0027654054068786374,6115123,-8.4,2025-11-04T03:05:12+00:00
TUNA,0.05970275764817648,767913,1.2,2025-11-04T03:05:12+00:00
AXGT,0.03591783979395986,181707,-6.9,2025-11-04T03:05:12+00:00
UNA,0.02479533561425018,219944,-7.6,2025-11-04T03:05:12+00:00
FUEL,0.0026340434808954233,1034637,-6.4,2025-11-04T03:05:12+00:00
ALCX,6.646565088662912,2850313,-5.0,2025-11-04T03:05:12+00:00
PNK,0.022909454049987794,319005,-6.2,2025-11-04T03:05:12+00:00
SANTOS,1.2326558039085993,4270050,-6.5,2025-11-04T03:05:12+00:00
RBNT,0.007081310922773808,457543,4.5,2025-11-04T03:05:12+00:00
SKYAI,0.016444307293190245,3974077,-8.6,2025-11-04T03:05:12+00:00
SPA,0.00674099343967751,5877038,-8.3,2025-11-04T03:05:12+00:00
OMIKAMI,0.01640359093017578,140008,2.6,2025-11-04T03:05:12+00:00
BEAT,0.11713592199257562,12974950,19.9,2025-11-04T03:05:12+00:00
ACT,0.017097958913162112,30244613,-14.6,2025-11-04T03:05:12+00:00
DF,0.01621037397398786,2273292,-4.6,2025-11-04T03:05:12+00:00
CWEB,0.0025393837263135094,95358,-3.3,2025-11-04T03:05:12+00:00
TNSR,0.04819743190467374,8904311,-6.8,2025-11-04T03:05:12+00:00
HOOK,0.053072827081092316,8087982,-9.6,2025-11-04T03:05:12+00:00
ABEL,0.12482035772881017,89521,0.5,2025-11-04T03:05:12+00:00
RACA,3.9014234955412774e-05,2205908,-4.3,2025-11-04T03:05:12+00:00
NUMI,0.09923507734464758,569104,-0.8,2025-11-04T03:05:12+00:00
KEYCAT,0.0016000329959266607,1002055,-4.5,2025-11-04T03:05:12+00:00
SWARMS,0.015985201575726332,7309074,-3.1,2025-11-04T03:05:12+00:00
YALA,0.06483203714945734,5880788,-19.0,2025-11-04T03:05:12+00:00
GTC,0.16555649029792624,2327256,-5.3,2025-11-04T03:05:12+00:00
ARPA,0.016246208000940888,13053649,-6.8,2025-11-04T03:05:12+00:00
BR,0.0722761268902921,2964061,0.0,2025-11-04T03:05:12+00:00
TOKE,0.19207091206129126,71499,-0.4,2025-11-04T03:05:12+00:00
PIKA,3.777763906860351e-08,6436,-4.3,2025-11-04T03:05:12+00:00
FCT,0.014801376968688964,530090,-14.6,2025-11-04T03:05:12+00:00
OBT,0.003177117345690029,4682223,-2.4,2025-11-04T03:05:12+00:00
THOR,0.07806076846313476,97226,-5.6,2025-11-04T03:05:12+00:00
SUP,0.09042513422952722,28911640,-7.2,2025-11-04T03:05:12+00:00
BLUAI,0.012873374098471299,19900633,-28.0,2025-11-04T03:05:12+00:00
ON,0.10922508877610108,6277588,-14.9,2025-11-04T03:05:12+00:00
ANT,0.033794309870206096,151482,1.6,2025-11-04T03:05:12+00:00
PNG,0.06918881834715054,944796,-8.0,2025-11-04T03:05:12+00:00
BROCCOLI,0.015984212380358645,13649250,-12.8,2025-11-04T03:05:12+00:00
KARRAT,0.0212885053401281,588699,-13.3,2025-11-04T03:05:12+00:00
AMPL,1.1573175048859168,90570,-6.6,2025-11-04T03:05:12+00:00
BEL,0.19290420325906,9533592,-6.7,2025-11-04T03:05:12+00:00
BADGER,0.7737434686764461,5332490,-1.1,2025-11-04T03:05:12+00:00
ES,0.10276094943635097,15781877,-3.4,2025-11-04T03:05:12+00:00
MYRO,0.015375401959513308,3474545,-8.2,2025-11-04T03:05:12+00:00
XSGD,0.7652038020350411,2819113,-0.3,2025-11-04T03:05:12+00:00
BID,0.055859503935992795,1317768,-6.7,2025-11-04T03:05:12+00:00
AVA,0.015115371557216128,3986107,11.3,2025-11-04T03:05:12+00:00
WALLET,0.020770278380099177,385982,-6.2,2025-11-04T03:05:12+00:00
XMN,0.0467123782732414,509887,-4.1,2025-11-04T03:05:12+00:00
LAT,0.002230798494254165,3416367,-6.5,2025-11-04T03:05:12+00:00
TURTLE,0.0969095160265564,29952175,-10.7,2025-11-04T03:05:12+00:00
B3TR,0.047299613399832977,819686,-7.2,2025-11-04T03:05:12+00:00
DEGO,0.7129867850620393,14598246,-8.9,2025-11-04T03:05:12+00:00
C,0.09337326969552612,8379567,-11.0,2025-11-04T03:05:12+00:00
ALPH,0.12174205183357541,399831,-5.2,2025-11-04T03:05:12+00:00
SMOLE,3.5299192467487106e-05,12137,-9.8,2025-11-04T03:05:12+00:00
OVPP,0.018501518938948833,1107245,-9.7,2025-11-04T03:05:12+00:00
USDUC,0.014785165813492254,6265252,-24.8,2025-11-04T03:05:12+00:00
RESOLV,0.045425968238557525,13485887,-6.0,2025-11-04T03:05:12+00:00
VIC,0.11962978374973017,1812914,-7.6,2025-11-04T03:05:12+00:00
BRISE,3.711941273684845e-08,2394092,-7.2,2025-11-04T03:05:12+00:00
TST,0.015381543275554395,11164227,-10.6,2025-11-04T03:05:12+00:00
DIMO,0.03583277926404248,289420,-5.3,2025-11-04T03:05:12+00:00
SUNDOG,0.01459507190579664,9380117,-11.4,2025-11-04T03:05:12+00:00
CDL,0.07135930217037917,58917518,-3.0,2025-11-04T03:05:12+00:00
OMG,0.10373887615533683,1436475,-6.9,2025-11-04T03:05:12+00:00
DOP2,0.011138815960859182,144293,-24.8,2025-11-04T03:05:12+00:00
CHEQ,0.014961440472093425,479077,-8.3,2025-11-04T03:05:12+00:00
ZEX,0.07800339579971856,612039,-7.2,2025-11-04T03:05:12+00:00
UFD,0.014383983777634217,4358222,-14.6,2025-11-04T03:05:12+00:00
MIGGLES,0.014990135277298674,1196454,-13.3,2025-11-04T03:05:12+00:00
SYN,0.06528974934634893,5901408,-10.6,2025-11-04T03:05:12+00:00
CARDS,0.06008068640135441,1939103,-11.3,2025-11-04T03:05:12+00:00
BTR,0.0535289231248606,3966039,-7.3,2025-11-04T03:05:12+00:00
TUT,0.016662215011979006,13433324,-9.9,2025-11-04T03:05:12+00:00
GHST,0.2721833793057902,3177875,-8.0,2025-11-04T03:05:12+00:00
BOX,0.03299478460812659,250115,-8.2,2025-11-04T03:05:12+00:00
PROPC,0.32535228547944295,407481,-11.4,2025-11-04T03:05:12+00:00
M87,1.559669259055501e-05,695960,5.9,2025-11-04T03:05:12+00:00
DNT,0.018364869925895557,62206,-3.9,2025-11-04T03:05:12+00:00
FARM,20.49683994796793,3458198,-5.0,2025-11-04T03:05:12+00:00
EURR,1.1547999359775818,4930597,0.4,2025-11-04T03:05:12+00:00
CLV,0.011180158737644526,1699947,-11.1,2025-11-04T03:05:12+00:00
WAN,0.06869671308885252,2298358,-4.3,2025-11-04T03:05:12+00:00
WAI,0.058978910484462264,4393599,-0.6,2025-11-04T03:05:12+00:00
ANON,1.0150649708386557,1069163,-21.9,2025-11-04T03:05:12+00:00
PARTI,0.05816176843852714,21637212,-8.9,2025-11-04T03:05:12+00:00
CATI,0.06575145623017914,16104043,-8.8,2025-11-04T03:05:12+00:00
CTA,0.027129462596006553,724000,-17.7,2025-11-04T03:05:12+00:00
ATA,0.02299472041194344,12399733,-10.9,2025-11-04T03:05:12+00:00
METFI,0.05025969280694673,130631,-3.6,2025-11-04T03:05:12+00:00
PROMPT,0.060039478734892265,17630182,-18.5,2025-11-04T03:05:12+00:00
HASHAI,0.00015020652135644188,273083,-17.2,2025-11-04T03:05:12+00:00
SEND,0.22910887868669763,451844,-12.9,2025-11-04T03:05:12+00:00
HAEDAL,0.06792882370478999,27147600,-15.7,2025-11-04T03:05:12+00:00
POLIS,0.04248409789684713,450198,-7.3,2025-11-04T03:05:12+00:00
LADYS,1.47947637977147e-08,4353195,-13.1,2025-11-04T03:05:12+00:00
DMTR,0.019267985592093112,508317,-15.7,2025-11-04T03:05:12+00:00
EMT,0.0064700782291698955,127307,-1.9,2025-11-04T03:05:12+00:00
WOD,0.04065495919712643,8559744,9.1,2025-11-04T03:05:12+00:00
TGC,0.1644848591690312,118114,5.4,2025-11-04T03:05:12+00:00
POLS,0.13083296819196663,2236786,-6.2,2025-11-04T03:05:12+00:00
SFUND,0.1562634671096577,1391042,-9.1,2025-11-04T03:05:12+00:00
PORTAL,0.02187406804477303,10750995,-9.5,2025-11-04T03:05:12+00:00
GIZA,0.06920059694929107,2480107,-1.9,2025-11-04T03:05:12+00:00
FLAY,0.021588536111755374,89215,-12.6,2025-11-04T03:05:12+00:00
BOBO,1.9448413959906467e-07,1340155,-14.5,2025-11-04T03:05:12+00:00
BTG,0.7362183435058594,11670,-13.3,2025-11-04T03:05:12+00:00
NKN,0.01622228298844085,3328947,-9.2,2025-11-04T03:05:12+00:00
AL,0.0243745987066895,2067686,-18.7,2025-11-04T03:05:12+00:00
XEM,0.0014237481853178104,586276,3.8,2025-11-04T03:05:12+00:00
U,0.006676457186068323,9399719,-9.1,2025-11-04T03:05:12+00:00
DADDY,0.021354946496908344,644609,-6.4,2025-11-04T03:05:12+00:00
HTR,0.025585976031067836,216321,-9.3,2025-11-04T03:05:12+00:00
PYR,0.5347648221543312,3147786,-8.3,2025-11-04T03:05:12+00:00
KDA,0.03777994127666741,12265318,-25.3,2025-11-04T03:05:12+00:00
FLM,0.022576613191350375,7556373,-6.2,2025-11-04T03:05:12+00:00
NETX,0.7762635188028199,667649,2.2,2025-11-04T03:05:12+00:00
TAC,0.004930202194056907,1668251,-0.5,2025-11-04T03:05:12+00:00
GAIA,0.07450181895950463,6270715,-1.2,2025-11-04T03:05:12+00:00
TITANX,1.1804605303955078e-07,205511,-8.1,2025-11-04T03:05:12+00:00
MCADE,0.00726620683973229,607032,-14.4,2025-11-04T03:05:12+00:00
KUJI,0.10302230395507812,592,-12.4,2025-11-04T03:05:12+00:00
NMT,0.23076444194991455,4060404,3.0,2025-11-04T03:05:12+00:00
PSG,1.046336934475579,2514201,-5.5,2025-11-04T03:05:12+00:00
OCTA,0.30377527665621,365988,-0.5,2025-11-04T03:05:12+00:00
UFO,1.348740966796875e-05,36639,-8.9,2025-11-04T03:05:12+00:00
ALU,0.012442232297791362,3669882,-12.0,2025-11-04T03:05:12+00:00
WOJAK,0.00017566573825303244,931877,-5.9,2025-11-04T03:05:12+00:00
42,0.08223678852080038,4505374,-24.4,2025-11-04T03:05:12+00:00
SHDW,0.07533912657792598,336455,-5.2,2025-11-04T03:05:12+00:00
QUACK,2.742139762723276e-10,105475,-5.7,2025-11-04T03:05:12+00:00
AVT,1.2270857143538318,68740,-5.2,2025-11-04T03:05:12+00:00
GFAL,0.0022905055791305707,92873,-7.7,2025-11-04T03:05:12+00:00
LUNA,0.012011098044169628,222328,-8.2,2025-11-04T03:05:12+00:00
PALU,0.011997357780460356,13883757,-43.0,2025-11-04T03:05:12+00:00
PIGGY,1.6554783151492731,100798700,-21.8,2025-11-04T03:05:12+00:00
MNTX,0.15019879651027962,9720,3.0,2025-11-04T03:05:12+00:00
FAIR3,0.012752484655384928,569068,-5.2,2025-11-04T03:05:12+00:00
CROWN,0.04771164685965551,164917,-8.9,2025-11-04T03:05:12+00:00
MEY,0.13589269223529657,278799,-2.6,2025-11-04T03:05:12+00:00
VADER,0.011874628157221368,609079,-17.1,2025-11-04T03:05:12+00:00
PINGPONG,0.04980251504668387,4778327,-0.8,2025-11-04T03:05:12+00:00
XSWAP,0.03953165237189696,1855186,-17.6,2025-11-04T03:05:12+00:00
QUICK,0.016442927969323236,4684121,-9.0,2025-11-04T03:05:12+00:00
PUMP,0.04129272877774418,2333667,-8.7,2025-11-04T03:05:12+00:00
ASP,0.05105355081454059,1938617,-15.8,2025-11-04T03:05:12+00:00
UTK,0.016630121478781158,2784300,-6.8,2025-11-04T03:05:12+00:00
PERP,0.16087419387625676,83775112,-10.7,2025-11-04T03:05:12+00:00
NRN,0.025955377213090363,141497,-5.3,2025-11-04T03:05:12+00:00
D,0.01796456059670187,1487708,-9.4,2025-11-04T03:05:12+00:00
SPYX,680.2701591464053,515079,-0.7,2025-11-04T03:05:12+00:00
XNY,0.004612375074907381,9860908,-16.9,2025-11-04T03:05:12+00:00
NAM,0.011703591214579808,106024,10.2,2025-11-04T03:05:12+00:00
DORA,0.011491401611040493,2000090,-8.5,2025-11-04T03:05:12+00:00
CAW,1.4923892270839212e-08,265357,-12.1,2025-11-04T03:05:12+00:00
ASR,1.4312840934467905,8628217,-4.6,2025-11-04T03:05:12+00:00
COPI,0.010904160387669863,165648,-7.5,2025-11-04T03:05:12+00:00
LAB,0.14704062143797164,39367072,-28.7,2025-11-04T03:05:12+00:00
MCOIN,0.06346261273580607,273397,-1.3,2025-11-04T03:05:12+00:00
BULLA,0.03972290841820834,589908,-11.0,2025-11-04T03:05:12+00:00
NUB,0.011086186628094739,871114,-16.2,2025-11-04T03:05:12+00:00
GHX,0.015758915192843656,247682,-10.9,2025-11-04T03:05:12+00:00
SWTCH,0.06881922028211525,6812408,-12.0,2025-11-04T03:05:12+00:00
STEP,0.03453378214291835,71201,-12.9,2025-11-04T03:05:12+00:00
CTXC,0.04680777356070148,4633009,-3.4,2025-11-04T03:05:12+00:00
PIT,2.7843140614298436e-10,167232,-8.0,2025-11-04T03:05:12+00:00
XMW,0.013843119769897461,195906,-12.4,2025-11-04T03:05:12+00:00
FTRB,0.003964057372644584,220320,-3.8,2025-11-04T03:05:12+00:00
NIBI,0.01282914618424858,449691,3.8,2025-11-04T03:05:12+00:00
VIVI,0.00991188429085451,72814,-0.5,2025-11-04T03:05:12+00:00
TLOS,0.025293662737236607,1232103,-6.3,2025-11-04T03:05:12+00:00
MATH,0.057033637962251936,266333,-8.7,2025-11-04T03:05:12+00:00
DUCK,0.0014787347567079957,2446407,-0.9,2025-11-04T03:05:12+00:00
RIZE,0.01172783309697469,311901,-3.9,2025-11-04T03:05:12+00:00
BAR,0.6424319953305571,2571437,-5.8,2025-11-04T03:05:12+00:00
CXT,0.010967482815050923,1965547,-12.9,2025-11-04T03:05:12+00:00
